round,event,driver,name,team,quali_pos,quali_gap_pct,pace_gap_pct,grid,finish_pos,points,dnf
1,Australian Grand Prix,RUS,George Russell,Mercedes,1.0,0.0,-0.6708615337036482,1.0,1.0,25.0,0.0
1,Australian Grand Prix,ANT,Kimi Antonelli,Mercedes,2.0,0.3731628416414168,0.0,2.0,2.0,18.0,0.0
1,Australian Grand Prix,HAD,Isack Hadjar,Red Bull Racing,3.0,0.9997707532030775,0.22145507733403294,3.0,20.0,0.0,1.0
1,Australian Grand Prix,LEC,Charles Leclerc,Ferrari,4.0,1.0303369927914696,,4.0,3.0,15.0,0.0
1,Australian Grand Prix,PIA,Oscar Piastri,McLaren,5.0,1.0978374385491207,0.9670397640090034,5.0,21.0,0.0,1.0
1,Australian Grand Prix,NOR,Lando Norris,McLaren,6.0,1.2188288035864359,-1.0,6.0,5.0,10.0,0.0
1,Australian Grand Prix,HAM,Lewis Hamilton,Ferrari,7.0,1.2226495835349738,0.42939896040252723,7.0,4.0,12.0,0.0
1,Australian Grand Prix,LAW,Liam Lawson,Racing Bulls,8.0,1.8798237346850488,1.736153852960758,8.0,13.0,0.0,0.0
1,Australian Grand Prix,LIN,Arvid Lindblad,Racing Bulls,9.0,1.8505310884128434,2.31292597923185,9.0,8.0,4.0,0.0
1,Australian Grand Prix,BOR,Gabriel Bortoleto,Audi,10.0,2.1689294174584317,2.1933841633857254,10.0,9.0,2.0,0.0
1,Australian Grand Prix,HUL,Nico Hulkenberg,Audi,11.0,2.273364069385364,1.5207384234753984,11.0,22.0,0.0,1.0
1,Australian Grand Prix,BEA,Oliver Bearman,Haas F1 Team,12.0,2.2835528159148355,2.4146257330113885,12.0,7.0,6.0,0.0
1,Australian Grand Prix,OCO,Esteban Ocon,Haas F1 Team,13.0,2.512799612827621,2.8927929963959094,13.0,11.0,0.0,0.0
1,Australian Grand Prix,GAS,Pierre Gasly,Alpine,14.0,2.5255355459894657,,14.0,10.0,1.0,0.0
1,Australian Grand Prix,ALB,Alexander Albon,Williams,15.0,3.085916605109662,,15.0,12.0,0.0,0.0
1,Australian Grand Prix,COL,Franco Colapinto,Alpine,16.0,3.415777274000864,1.8761330087808448,16.0,14.0,0.0,0.0
1,Australian Grand Prix,ALO,Fernando Alonso,Aston Martin,17.0,4.395170534145021,,17.0,18.0,0.0,1.0
1,Australian Grand Prix,PER,Sergio Perez,Cadillac,18.0,5.205175883236968,,18.0,16.0,0.0,0.0
1,Australian Grand Prix,BOT,Valtteri Bottas,Cadillac,19.0,6.01900201227743,5.23367153953207,19.0,19.0,0.0,1.0
1,Australian Grand Prix,STR,Lance Stroll,Aston Martin,,,,22.0,17.0,0.0,0.0
1,Australian Grand Prix,VER,Max Verstappen,Red Bull Racing,,,-1.0,20.0,6.0,8.0,0.0
1,Australian Grand Prix,SAI,Carlos Sainz,Williams,,,0.0,21.0,15.0,0.0,0.0
2,Chinese Grand Prix,ANT,Kimi Antonelli,Mercedes,1.0,0.0,-0.423259616479188,1.0,1.0,25.0,0.0
2,Chinese Grand Prix,RUS,George Russell,Mercedes,2.0,0.24113660062565767,-0.24629777193654334,2.0,2.0,18.0,0.0
2,Chinese Grand Prix,HAM,Lewis Hamilton,Ferrari,3.0,0.3812565172054416,,3.0,3.0,15.0,0.0
2,Chinese Grand Prix,LEC,Charles Leclerc,Ferrari,4.0,0.39537712895376664,,4.0,4.0,12.0,0.0
2,Chinese Grand Prix,PIA,Oscar Piastri,McLaren,5.0,0.5278936392075106,0.0,5.0,19.0,0.0,1.0
2,Chinese Grand Prix,NOR,Lando Norris,McLaren,6.0,0.590893291623229,1.2045823803955358,6.0,20.0,0.0,1.0
2,Chinese Grand Prix,GAS,Pierre Gasly,Alpine,7.0,0.8787365311088147,1.4933096004387858,7.0,6.0,8.0,0.0
2,Chinese Grand Prix,VER,Max Verstappen,Red Bull Racing,8.0,1.0188564476885764,3.1004543055541234,8.0,16.0,0.0,1.0
2,Chinese Grand Prix,HAD,Isack Hadjar,Red Bull Racing,9.0,1.1481143552311446,4.677587937618366,9.0,8.0,4.0,0.0
2,Chinese Grand Prix,BEA,Oliver Bearman,Haas F1 Team,10.0,1.230665623913807,0.9360350198176492,10.0,5.0,10.0,0.0
2,Chinese Grand Prix,HUL,Nico Hulkenberg,Audi,11.0,1.4011991657977063,,11.0,11.0,0.0,0.0
2,Chinese Grand Prix,COL,Franco Colapinto,Alpine,12.0,1.40445776850886,2.0526539102358354,12.0,10.0,1.0,0.0
2,Chinese Grand Prix,OCO,Esteban Ocon,Haas F1 Team,13.0,1.6010601320820328,1.1300721300617766,13.0,14.0,0.0,0.0
2,Chinese Grand Prix,LAW,Liam Lawson,Racing Bulls,14.0,1.8476277372262873,2.8065527625710245,14.0,7.0,6.0,0.0
2,Chinese Grand Prix,LIN,Arvid Lindblad,Racing Bulls,15.0,1.868265554396964,,15.0,12.0,0.0,0.0
2,Chinese Grand Prix,BOR,Gabriel Bortoleto,Audi,16.0,1.613008342022959,,16.0,21.0,0.0,1.0
2,Chinese Grand Prix,SAI,Carlos Sainz,Williams,17.0,2.4472106360792445,,17.0,9.0,2.0,0.0
2,Chinese Grand Prix,ALB,Alexander Albon,Williams,18.0,2.941432047271486,1.729776158789642,22.0,22.0,0.0,1.0
2,Chinese Grand Prix,ALO,Fernando Alonso,Aston Martin,19.0,3.409584636774432,,18.0,17.0,0.0,1.0
2,Chinese Grand Prix,BOT,Valtteri Bottas,Cadillac,20.0,3.6626694473409938,,19.0,13.0,0.0,0.0
2,Chinese Grand Prix,STR,Lance Stroll,Aston Martin,21.0,4.269855752519991,,20.0,18.0,0.0,1.0
2,Chinese Grand Prix,PER,Sergio Perez,Cadillac,22.0,5.25938477580814,,21.0,15.0,0.0,0.0
3,Japanese Grand Prix,ANT,Kimi Antonelli,Mercedes,1.0,0.0,-0.23650202490433847,1.0,1.0,25.0,0.0
3,Japanese Grand Prix,RUS,George Russell,Mercedes,2.0,0.3356687467615638,-0.20101944074195263,2.0,4.0,12.0,0.0
3,Japanese Grand Prix,PIA,Oscar Piastri,McLaren,3.0,0.39874743742818186,0.6455885856102683,3.0,2.0,18.0,0.0
3,Japanese Grand Prix,LEC,Charles Leclerc,Ferrari,4.0,0.5913627249994224,0.033783312404078725,4.0,3.0,15.0,0.0
3,Japanese Grand Prix,NOR,Lando Norris,McLaren,5.0,0.7107616751897972,,5.0,5.0,10.0,0.0
3,Japanese Grand Prix,HAM,Lewis Hamilton,Ferrari,6.0,0.8887336952848601,,6.0,6.0,8.0,0.0
3,Japanese Grand Prix,GAS,Pierre Gasly,Alpine,7.0,1.0284079389037748,1.71450990462325,7.0,7.0,6.0,0.0
3,Japanese Grand Prix,HAD,Isack Hadjar,Red Bull Racing,8.0,1.351686228570137,0.9235839254415845,8.0,12.0,0.0,0.0
3,Japanese Grand Prix,BOR,Gabriel Bortoleto,Audi,9.0,1.3652030908558377,,9.0,13.0,0.0,0.0
3,Japanese Grand Prix,LIN,Arvid Lindblad,Racing Bulls,10.0,1.4992453085223678,,10.0,14.0,0.0,0.0
3,Japanese Grand Prix,VER,Max Verstappen,Red Bull Racing,11.0,1.6715853026650684,1.0133088610449963,11.0,8.0,4.0,0.0
3,Japanese Grand Prix,OCO,Esteban Ocon,Haas F1 Team,12.0,1.7245263466173943,0.7760925902023034,12.0,10.0,1.0,0.0
3,Japanese Grand Prix,HUL,Nico Hulkenberg,Audi,13.0,1.779720200950674,0.9395787388237816,13.0,11.0,0.0,0.0
3,Japanese Grand Prix,LAW,Liam Lawson,Racing Bulls,14.0,1.9340377120457664,1.8555334919567652,14.0,9.0,2.0,0.0
3,Japanese Grand Prix,COL,Franco Colapinto,Alpine,15.0,2.082723197188474,0.9117616778501054,15.0,16.0,0.0,0.0
3,Japanese Grand Prix,SAI,Carlos Sainz,Williams,16.0,2.420644754331036,0.9085363421970126,16.0,15.0,0.0,0.0
3,Japanese Grand Prix,ALB,Alexander Albon,Williams,17.0,2.6019959899975076,2.035033217535487,17.0,20.0,0.0,0.0
3,Japanese Grand Prix,BEA,Oliver Bearman,Haas F1 Team,18.0,2.6042488003784614,1.360029378604611,18.0,22.0,0.0,1.0
3,Japanese Grand Prix,PER,Sergio Perez,Cadillac,19.0,3.8613169929486935,2.974360050797098,19.0,17.0,0.0,0.0
3,Japanese Grand Prix,BOT,Valtteri Bottas,Cadillac,20.0,4.000991236567608,3.781848659608741,20.0,19.0,0.0,0.0
3,Japanese Grand Prix,ALO,Fernando Alonso,Aston Martin,21.0,4.356935276757756,3.5206389521520665,21.0,18.0,0.0,0.0
3,Japanese Grand Prix,STR,Lance Stroll,Aston Martin,22.0,4.665570298947941,,22.0,21.0,0.0,1.0
4,Miami Grand Prix,ANT,Kimi Antonelli,Mercedes,1.0,0.0,0.1361217671080439,1.0,1.0,25.0,0.0
4,Miami Grand Prix,VER,Max Verstappen,Red Bull Racing,2.0,0.18907036606756744,0.8570829051505635,2.0,5.0,10.0,0.0
4,Miami Grand Prix,LEC,Charles Leclerc,Ferrari,3.0,0.3929474475500516,0.5299602395312686,3.0,8.0,4.0,0.0
4,Miami Grand Prix,NOR,Lando Norris,McLaren,4.0,0.43850657190369624,-1.0,4.0,2.0,18.0,0.0
4,Miami Grand Prix,RUS,George Russell,Mercedes,5.0,0.454452265427463,0.12482312240735816,5.0,4.0,12.0,0.0
4,Miami Grand Prix,HAM,Lewis Hamilton,Ferrari,6.0,0.5934075947060302,0.7247273529427556,6.0,6.0,8.0,0.0
4,Miami Grand Prix,PIA,Oscar Piastri,McLaren,7.0,0.608214310120947,1.0308668212608119,7.0,3.0,15.0,0.0
4,Miami Grand Prix,COL,Franco Colapinto,Alpine,8.0,1.0979748969224712,1.5941849641940564,8.0,7.0,6.0,0.0
4,Miami Grand Prix,GAS,Pierre Gasly,Alpine,9.0,1.152645846146827,,9.0,21.0,0.0,1.0
4,Miami Grand Prix,HUL,Nico Hulkenberg,Audi,10.0,1.8690630766076577,1.8314565029080576,10.0,19.0,0.0,1.0
4,Miami Grand Prix,LAW,Liam Lawson,Racing Bulls,11.0,1.9374017631381024,3.1205780601841093,11.0,20.0,0.0,1.0
4,Miami Grand Prix,BEA,Oliver Bearman,Haas F1 Team,12.0,1.7563042438324405,-0.446027450326325,12.0,11.0,0.0,0.0
4,Miami Grand Prix,SAI,Carlos Sainz,Williams,13.0,1.984099865600597,1.6791938147990848,13.0,9.0,2.0,0.0
4,Miami Grand Prix,OCO,Esteban Ocon,Haas F1 Team,14.0,2.2483427868516426,0.0,14.0,13.0,0.0,0.0
4,Miami Grand Prix,ALB,Alexander Albon,Williams,15.0,2.189115925191909,2.1580411378273157,15.0,10.0,1.0,0.0
4,Miami Grand Prix,LIN,Arvid Lindblad,Racing Bulls,16.0,2.6595138841431387,4.28971877135309,16.0,14.0,0.0,0.0
4,Miami Grand Prix,ALO,Fernando Alonso,Aston Martin,17.0,3.75862775917446,,17.0,15.0,0.0,0.0
4,Miami Grand Prix,STR,Lance Stroll,Aston Martin,18.0,3.83380031435796,,18.0,17.0,0.0,0.0
4,Miami Grand Prix,BOT,Valtteri Bottas,Cadillac,19.0,4.363425134968901,5.249565540209722,19.0,18.0,0.0,0.0
4,Miami Grand Prix,PER,Sergio Perez,Cadillac,20.0,4.7483997357570695,4.6265259895729605,20.0,16.0,0.0,0.0
4,Miami Grand Prix,BOR,Gabriel Bortoleto,Audi,21.0,6.7643909884052,,21.0,12.0,0.0,0.0
4,Miami Grand Prix,HAD,Isack Hadjar,Red Bull Racing,22.0,,1.809935274906782,22.0,22.0,0.0,1.0
5,Canadian Grand Prix,RUS,George Russell,Mercedes,1.0,0.0,-0.13290522936021398,1.0,19.0,0.0,1.0
5,Canadian Grand Prix,ANT,Kimi Antonelli,Mercedes,2.0,0.09369230345284141,0.0,2.0,1.0,25.0,0.0
5,Canadian Grand Prix,NOR,Lando Norris,McLaren,3.0,0.20805202678497725,,3.0,18.0,0.0,1.0
5,Canadian Grand Prix,PIA,Oscar Piastri,McLaren,4.0,0.27969908236655794,0.44082427560070414,4.0,11.0,0.0,0.0
5,Canadian Grand Prix,HAM,Lewis Hamilton,Ferrari,5.0,0.3995701176664923,,5.0,2.0,18.0,0.0
5,Canadian Grand Prix,VER,Max Verstappen,Red Bull Racing,6.0,0.4533054093526889,0.9204674053214791,6.0,3.0,15.0,0.0
5,Canadian Grand Prix,HAD,Isack Hadjar,Red Bull Racing,7.0,0.49188459312738964,1.1790404505618968,7.0,5.0,10.0,0.0
5,Canadian Grand Prix,LEC,Charles Leclerc,Ferrari,8.0,0.5483755407974744,-0.21185883096034308,8.0,4.0,12.0,0.0
5,Canadian Grand Prix,LIN,Arvid Lindblad,Racing Bulls,9.0,0.9672352503513393,,9.0,22.0,0.0,1.0
5,Canadian Grand Prix,COL,Franco Colapinto,Alpine,10.0,1.541789522995951,,10.0,6.0,8.0,0.0
5,Canadian Grand Prix,HUL,Nico Hulkenberg,Audi,11.0,1.8021990134751587,,11.0,12.0,0.0,0.0
5,Canadian Grand Prix,LAW,Liam Lawson,Racing Bulls,12.0,1.8173551213866546,,12.0,7.0,6.0,0.0
5,Canadian Grand Prix,BOR,Gabriel Bortoleto,Audi,13.0,2.0570971919865455,,13.0,13.0,0.0,0.0
5,Canadian Grand Prix,GAS,Pierre Gasly,Alpine,14.0,2.216925239053147,,14.0,8.0,4.0,0.0
5,Canadian Grand Prix,SAI,Carlos Sainz,Williams,15.0,2.335418446361137,1.5909150722425602,15.0,9.0,2.0,0.0
5,Canadian Grand Prix,BEA,Oliver Bearman,Haas F1 Team,16.0,2.532447849210495,3.5075137510856225,16.0,10.0,1.0,0.0
5,Canadian Grand Prix,OCO,Esteban Ocon,Haas F1 Team,17.0,3.123536057758547,,17.0,14.0,0.0,0.0
5,Canadian Grand Prix,ALB,Alexander Albon,Williams,18.0,3.131803025710256,,18.0,21.0,0.0,1.0
5,Canadian Grand Prix,ALO,Fernando Alonso,Aston Martin,19.0,3.6071536829342055,2.035029081243267,19.0,20.0,0.0,1.0
5,Canadian Grand Prix,PER,Sergio Perez,Cadillac,20.0,3.9281876050593745,3.042345448324868,20.0,17.0,0.0,1.0
5,Canadian Grand Prix,STR,Lance Stroll,Aston Martin,21.0,4.983603846895734,,22.0,15.0,0.0,0.0
5,Canadian Grand Prix,BOT,Valtteri Bottas,Cadillac,22.0,5.089696602276184,3.202884438245124,21.0,16.0,0.0,0.0
6,Monaco Grand Prix,ANT,Kimi Antonelli,Mercedes,1.0,0.0,,1.0,1.0,25.0,0.0
6,Monaco Grand Prix,VER,Max Verstappen,Red Bull Racing,2.0,0.05967994892506212,-1.0,2.0,22.0,0.0,1.0
6,Monaco Grand Prix,HAM,Lewis Hamilton,Ferrari,3.0,0.3164425198817433,,3.0,2.0,18.0,0.0
6,Monaco Grand Prix,LEC,Charles Leclerc,Ferrari,4.0,0.41637173668651606,,4.0,17.0,0.0,1.0
6,Monaco Grand Prix,HAD,Isack Hadjar,Red Bull Racing,5.0,0.5315679171697729,,5.0,3.0,15.0,0.0
6,Monaco Grand Prix,RUS,George Russell,Mercedes,6.0,0.5468348808482792,,6.0,12.0,0.0,0.0
6,Monaco Grand Prix,PIA,Oscar Piastri,McLaren,7.0,0.7952700170712257,,7.0,4.0,12.0,0.0
6,Monaco Grand Prix,NOR,Lando Norris,McLaren,8.0,0.9909647333139038,,8.0,19.0,0.0,1.0
6,Monaco Grand Prix,GAS,Pierre Gasly,Alpine,9.0,1.6307893020221842,0.6012412723041205,9.0,7.0,6.0,0.0
6,Monaco Grand Prix,LAW,Liam Lawson,Racing Bulls,10.0,1.8889397787678286,,10.0,5.0,10.0,0.0
6,Monaco Grand Prix,ALB,Alexander Albon,Williams,11.0,2.4094044496259626,,11.0,8.0,4.0,0.0
6,Monaco Grand Prix,SAI,Carlos Sainz,Williams,12.0,2.448265811716688,,12.0,16.0,0.0,1.0
6,Monaco Grand Prix,HUL,Nico Hulkenberg,Audi,13.0,2.5690136153557974,-0.7214895267649292,13.0,13.0,0.0,0.0
6,Monaco Grand Prix,COL,Franco Colapinto,Alpine,14.0,2.6980888537286196,1.126196017584702,14.0,14.0,0.0,0.0
6,Monaco Grand Prix,LIN,Arvid Lindblad,Racing Bulls,15.0,3.049229018334243,,15.0,6.0,8.0,0.0
6,Monaco Grand Prix,BOR,Gabriel Bortoleto,Audi,16.0,3.65296803652968,,16.0,11.0,0.0,0.0
6,Monaco Grand Prix,OCO,Esteban Ocon,Haas F1 Team,17.0,3.7070963622989117,,17.0,9.0,2.0,0.0
6,Monaco Grand Prix,PER,Sergio Perez,Cadillac,18.0,3.7417940070227917,1.2089475045254705,18.0,15.0,0.0,0.0
6,Monaco Grand Prix,BEA,Oliver Bearman,Haas F1 Team,19.0,3.8347836948827707,0.0,19.0,20.0,0.0,1.0
6,Monaco Grand Prix,BOT,Valtteri Bottas,Cadillac,20.0,4.485711509902712,3.038531161106794,20.0,21.0,0.0,1.0
6,Monaco Grand Prix,ALO,Fernando Alonso,Aston Martin,21.0,4.57731329197375,,21.0,10.0,1.0,0.0
6,Monaco Grand Prix,STR,Lance Stroll,Aston Martin,22.0,5.56550221370975,,22.0,18.0,0.0,1.0
7,Barcelona Grand Prix,RUS,George Russell,Mercedes,1.0,0.0,-0.43854566009042045,1.0,2.0,18.0,0.0
7,Barcelona Grand Prix,HAM,Lewis Hamilton,Ferrari,2.0,0.08570012988924347,1.1918462291870657,2.0,1.0,25.0,0.0
7,Barcelona Grand Prix,ANT,Kimi Antonelli,Mercedes,3.0,0.4271615849167798,,3.0,16.0,0.0,1.0
7,Barcelona Grand Prix,NOR,Lando Norris,McLaren,4.0,0.4311787785053367,0.010406464250722891,4.0,3.0,15.0,0.0
7,Barcelona Grand Prix,VER,Max Verstappen,Red Bull Racing,5.0,0.45796006909573084,-0.017362656931707073,5.0,4.0,12.0,0.0
7,Barcelona Grand Prix,HAD,Isack Hadjar,Red Bull Racing,6.0,0.53294768274883,1.579946131243881,6.0,6.0,8.0,0.0
7,Barcelona Grand Prix,PIA,Oscar Piastri,McLaren,7.0,0.5503555216325839,0.8423114593535619,7.0,5.0,10.0,0.0
7,Barcelona Grand Prix,LAW,Liam Lawson,Racing Bulls,8.0,1.2131924637448277,,8.0,8.0,4.0,0.0
7,Barcelona Grand Prix,HUL,Nico Hulkenberg,Audi,9.0,1.4582412726469318,1.4789422135161656,9.0,20.0,0.0,1.0
7,Barcelona Grand Prix,LEC,Charles Leclerc,Ferrari,10.0,0.8061168467708546,0.0,10.0,15.0,0.0,1.0
7,Barcelona Grand Prix,LIN,Arvid Lindblad,Racing Bulls,11.0,1.5546539187723418,2.180639637986914,11.0,9.0,2.0,0.0
7,Barcelona Grand Prix,BOR,Gabriel Bortoleto,Audi,12.0,1.7702433080250213,1.6967055459211886,12.0,11.0,0.0,0.0
7,Barcelona Grand Prix,COL,Franco Colapinto,Alpine,13.0,2.0246655686337434,,13.0,10.0,1.0,0.0
7,Barcelona Grand Prix,GAS,Pierre Gasly,Alpine,14.0,2.118400085700123,,14.0,7.0,6.0,0.0
7,Barcelona Grand Prix,BEA,Oliver Bearman,Haas F1 Team,15.0,2.289800345478632,2.380631733594507,15.0,17.0,0.0,1.0
7,Barcelona Grand Prix,SAI,Carlos Sainz,Williams,16.0,2.948620094002319,2.971118558723293,16.0,12.0,0.0,0.0
7,Barcelona Grand Prix,OCO,Esteban Ocon,Haas F1 Team,17.0,3.2057204836700937,,17.0,13.0,0.0,0.0
7,Barcelona Grand Prix,ALB,Alexander Albon,Williams,18.0,3.6757321335315174,3.8589618021547256,18.0,18.0,0.0,0.0
7,Barcelona Grand Prix,PER,Sergio Perez,Cadillac,19.0,3.8377589416033864,3.675318315377085,19.0,14.0,0.0,0.0
7,Barcelona Grand Prix,BOT,Valtteri Bottas,Cadillac,20.0,4.1216406218615775,,20.0,21.0,0.0,1.0
7,Barcelona Grand Prix,STR,Lance Stroll,Aston Martin,21.0,5.462044215910766,,21.0,22.0,0.0,1.0
7,Barcelona Grand Prix,ALO,Fernando Alonso,Aston Martin,22.0,5.53837089409337,,22.0,19.0,0.0,1.0
8,Austrian Grand Prix,RUS,George Russell,Mercedes,1.0,0.0,-0.46963863584671345,1.0,1.0,25.0,0.0
8,Austrian Grand Prix,LEC,Charles Leclerc,Ferrari,2.0,0.3569645909276664,,2.0,8.0,4.0,0.0
8,Austrian Grand Prix,HAM,Lewis Hamilton,Ferrari,3.0,0.44620573865956636,0.1784264882868314,3.0,5.0,10.0,0.0
8,Austrian Grand Prix,ANT,Kimi Antonelli,Mercedes,4.0,0.4552811096153686,-0.14225139242631948,4.0,3.0,15.0,0.0
8,Austrian Grand Prix,VER,Max Verstappen,Red Bull Racing,5.0,0.5475473809991804,0.22950544375717197,5.0,2.0,18.0,0.0
8,Austrian Grand Prix,NOR,Lando Norris,McLaren,6.0,0.5883865503002461,0.0,6.0,7.0,6.0,0.0
8,Austrian Grand Prix,PIA,Oscar Piastri,McLaren,7.0,0.6019996067339273,-0.043166615354481526,7.0,4.0,12.0,0.0
8,Austrian Grand Prix,HAD,Isack Hadjar,Red Bull Racing,8.0,0.7850195876756505,0.18687362345174535,8.0,6.0,8.0,0.0
8,Austrian Grand Prix,LAW,Liam Lawson,Racing Bulls,9.0,1.2735770574622274,1.9605922359987595,9.0,9.0,2.0,0.0
8,Austrian Grand Prix,LIN,Arvid Lindblad,Racing Bulls,10.0,1.3522302724124025,1.281898780779249,10.0,10.0,1.0,0.0
8,Austrian Grand Prix,GAS,Pierre Gasly,Alpine,11.0,1.6789436268207503,1.2320770892810762,11.0,13.0,0.0,0.0
8,Austrian Grand Prix,BOR,Gabriel Bortoleto,Audi,12.0,1.7848229546382877,2.3342382938229544,12.0,11.0,0.0,0.0
8,Austrian Grand Prix,BEA,Oliver Bearman,Haas F1 Team,13.0,2.1327121746101296,0.9889821556000977,13.0,14.0,0.0,0.0
8,Austrian Grand Prix,HUL,Nico Hulkenberg,Audi,14.0,2.2658176152950293,0.8457550474121739,14.0,12.0,0.0,0.0
8,Austrian Grand Prix,OCO,Esteban Ocon,Haas F1 Team,15.0,2.577405351443729,2.7050855047720423,15.0,16.0,0.0,0.0
8,Austrian Grand Prix,COL,Franco Colapinto,Alpine,16.0,2.6938726120430356,1.499274028024727,16.0,15.0,0.0,0.0
8,Austrian Grand Prix,SAI,Carlos Sainz,Williams,17.0,3.235369745738348,2.215350832410996,17.0,20.0,0.0,1.0
8,Austrian Grand Prix,ALB,Alexander Albon,Williams,18.0,3.6240981350112778,2.4003749902934137,18.0,17.0,0.0,0.0
8,Austrian Grand Prix,PER,Sergio Perez,Cadillac,19.0,4.2835750911318415,4.7221671247626995,19.0,21.0,0.0,1.0
8,Austrian Grand Prix,BOT,Valtteri Bottas,Cadillac,20.0,4.41214284633884,2.571640979065551,20.0,22.0,0.0,1.0
8,Austrian Grand Prix,ALO,Fernando Alonso,Aston Martin,21.0,5.791599231618583,4.306025917322054,21.0,18.0,0.0,0.0
8,Austrian Grand Prix,STR,Lance Stroll,Aston Martin,22.0,6.4283877603497075,3.951971787623498,22.0,19.0,0.0,1.0
9,British Grand Prix,ANT,Kimi Antonelli,Mercedes,1.0,0.0,0.12777288637877415,1.0,15.0,0.0,0.0
9,British Grand Prix,LEC,Charles Leclerc,Ferrari,2.0,0.19861311300517492,-0.7999226920351377,2.0,1.0,25.0,0.0
9,British Grand Prix,HAM,Lewis Hamilton,Ferrari,3.0,0.39382142978741097,-0.8332080657976637,3.0,3.0,15.0,0.0
9,British Grand Prix,RUS,George Russell,Mercedes,4.0,0.41992486749666824,0.0,4.0,2.0,18.0,0.0
9,British Grand Prix,HAD,Isack Hadjar,Red Bull Racing,5.0,0.7206818671902315,1.0957330298279944,5.0,5.0,10.0,0.0
9,British Grand Prix,NOR,Lando Norris,McLaren,6.0,0.8693579689255548,0.8976313698541905,6.0,4.0,12.0,0.0
9,British Grand Prix,VER,Max Verstappen,Red Bull Racing,7.0,0.8875168821145918,1.3056456288788043,7.0,20.0,0.0,1.0
9,British Grand Prix,PIA,Oscar Piastri,McLaren,8.0,1.0452724404444336,,8.0,11.0,0.0,0.0
9,British Grand Prix,LIN,Arvid Lindblad,Racing Bulls,9.0,1.3551088967325375,1.8892133914574671,9.0,7.0,6.0,0.0
9,British Grand Prix,LAW,Liam Lawson,Racing Bulls,10.0,1.3494342363609357,1.4538192282088191,10.0,6.0,8.0,0.0
9,British Grand Prix,BOR,Gabriel Bortoleto,Audi,11.0,1.5321583003257144,1.3813430111452307,11.0,8.0,4.0,0.0
9,British Grand Prix,GAS,Pierre Gasly,Alpine,12.0,2.215387409063574,,15.0,10.0,1.0,0.0
9,British Grand Prix,HUL,Nico Hulkenberg,Audi,13.0,1.620683002122325,,12.0,22.0,0.0,1.0
9,British Grand Prix,BEA,Oliver Bearman,Haas F1 Team,14.0,2.7124876576136936,0.1331414950501486,13.0,12.0,0.0,0.0
9,British Grand Prix,SAI,Carlos Sainz,Williams,15.0,2.7817185141469247,1.126334099254822,14.0,17.0,0.0,0.0
9,British Grand Prix,ALB,Alexander Albon,Williams,16.0,2.8679733517948947,1.4468400369360257,16.0,21.0,0.0,1.0
9,British Grand Prix,OCO,Esteban Ocon,Haas F1 Team,17.0,2.91564049891615,1.5295166104752456,17.0,13.0,0.0,0.0
9,British Grand Prix,BOT,Valtteri Bottas,Cadillac,18.0,3.536448343566634,3.0440011166706027,18.0,16.0,0.0,0.0
9,British Grand Prix,COL,Franco Colapinto,Alpine,19.0,3.6431319585522814,0.6581914231107877,19.0,9.0,2.0,0.0
9,British Grand Prix,PER,Sergio Perez,Cadillac,20.0,3.790673128213262,2.4674125453647555,20.0,14.0,0.0,0.0
9,British Grand Prix,STR,Lance Stroll,Aston Martin,21.0,5.39319721714655,,22.0,19.0,0.0,0.0
9,British Grand Prix,ALO,Fernando Alonso,Aston Martin,22.0,5.577056213185649,,21.0,18.0,0.0,0.0
10,Belgian Grand Prix,ANT,Kimi Antonelli,Mercedes,1.0,0.0,2.617779523674657,1.0,1.0,25.0,0.0
10,Belgian Grand Prix,VER,Max Verstappen,Red Bull Racing,2.0,0.3037533178102958,2.9324977389620255,2.0,3.0,15.0,0.0
10,Belgian Grand Prix,NOR,Lando Norris,McLaren,3.0,0.4216134379701142,-0.678761793202387,13.0,7.0,6.0,0.0
10,Belgian Grand Prix,RUS,George Russell,Mercedes,4.0,0.48677187838368496,2.742935969231608,3.0,22.0,0.0,1.0
10,Belgian Grand Prix,LEC,Charles Leclerc,Ferrari,5.0,0.5097689750002354,-0.6303499812722047,4.0,2.0,18.0,0.0
10,Belgian Grand Prix,HAM,Lewis Hamilton,Ferrari,6.0,0.5116853997182869,-0.4168931511104191,5.0,4.0,12.0,0.0
10,Belgian Grand Prix,PIA,Oscar Piastri,McLaren,7.0,0.627629095160076,0.7319250860383729,6.0,5.0,10.0,0.0
10,Belgian Grand Prix,LIN,Arvid Lindblad,Racing Bulls,8.0,0.7493220647559973,0.6163203243280769,7.0,9.0,2.0,0.0
10,Belgian Grand Prix,BOR,Gabriel Bortoleto,Audi,9.0,1.2140550588821464,0.48646574641659784,8.0,8.0,4.0,0.0
10,Belgian Grand Prix,HAD,Isack Hadjar,Red Bull Racing,10.0,1.4009064688916162,2.200026881880678,21.0,6.0,8.0,0.0
10,Belgian Grand Prix,LAW,Liam Lawson,Racing Bulls,11.0,1.6854955395214644,2.008574955515266,9.0,12.0,0.0,0.0
10,Belgian Grand Prix,GAS,Pierre Gasly,Alpine,12.0,1.8876783472753234,3.1207898037359376,10.0,11.0,0.0,0.0
10,Belgian Grand Prix,COL,Franco Colapinto,Alpine,13.0,1.9461293011757252,0.9555728840338895,11.0,10.0,1.0,0.0
10,Belgian Grand Prix,HUL,Nico Hulkenberg,Audi,14.0,2.213470549343155,2.360365300328351,12.0,13.0,0.0,0.0
10,Belgian Grand Prix,SAI,Carlos Sainz,Williams,15.0,2.315041059399592,3.361832796094114,19.0,16.0,0.0,0.0
10,Belgian Grand Prix,BEA,Oliver Bearman,Haas F1 Team,16.0,2.316957484117621,1.679878685517644,14.0,14.0,0.0,0.0
10,Belgian Grand Prix,ALB,Alexander Albon,Williams,17.0,2.6437078985444673,1.0236560840775468,15.0,15.0,0.0,0.0
10,Belgian Grand Prix,OCO,Esteban Ocon,Haas F1 Team,18.0,3.2962505150391452,1.8524067667329502,16.0,17.0,0.0,0.0
10,Belgian Grand Prix,BOT,Valtteri Bottas,Cadillac,19.0,3.3173311869376443,2.3468359257947657,17.0,18.0,0.0,0.0
10,Belgian Grand Prix,PER,Sergio Perez,Cadillac,20.0,3.45914661607305,4.065136839647559,18.0,21.0,0.0,1.0
10,Belgian Grand Prix,ALO,Fernando Alonso,Aston Martin,21.0,5.405275917248775,,22.0,19.0,0.0,0.0
10,Belgian Grand Prix,STR,Lance Stroll,Aston Martin,22.0,5.57296308007782,,20.0,20.0,0.0,1.0
11,Hungarian Grand Prix,NOR,Lando Norris,McLaren,1.0,0.0,-0.21285074803319093,1.0,1.0,25.0,0.0
11,Hungarian Grand Prix,HAM,Lewis Hamilton,Ferrari,2.0,0.015542632144760482,-0.011357461267085256,5.0,5.0,10.0,0.0
11,Hungarian Grand Prix,LEC,Charles Leclerc,Ferrari,3.0,0.3082622042042793,-0.1304088701635009,2.0,4.0,12.0,0.0
11,Hungarian Grand Prix,ANT,Kimi Antonelli,Mercedes,4.0,0.35229966194776363,,7.0,3.0,15.0,0.0
11,Hungarian Grand Prix,PIA,Oscar Piastri,McLaren,5.0,0.6178196277539572,0.8355609056630575,3.0,20.0,0.0,1.0
11,Hungarian Grand Prix,VER,Max Verstappen,Red Bull Racing,6.0,0.6709236209152092,0.19234099792520734,4.0,2.0,18.0,0.0
11,Hungarian Grand Prix,RUS,George Russell,Mercedes,7.0,0.7162562980040921,0.0,6.0,7.0,6.0,0.0
11,Hungarian Grand Prix,HAD,Isack Hadjar,Red Bull Racing,8.0,0.8405973551620871,0.8958083265827588,8.0,6.0,8.0,0.0
11,Hungarian Grand Prix,LIN,Arvid Lindblad,Racing Bulls,9.0,1.3910655769554747,2.0101091505289106,9.0,10.0,1.0,0.0
11,Hungarian Grand Prix,HUL,Nico Hulkenberg,Audi,10.0,1.85475410260727,1.2433731551255933,10.0,9.0,2.0,0.0
11,Hungarian Grand Prix,LAW,Liam Lawson,Racing Bulls,11.0,2.0179517401271996,2.235086121770813,11.0,8.0,4.0,0.0
11,Hungarian Grand Prix,GAS,Pierre Gasly,Alpine,12.0,2.1202740684134858,1.8192332430502889,12.0,12.0,0.0,0.0
11,Hungarian Grand Prix,COL,Franco Colapinto,Alpine,13.0,2.357299208621,,13.0,15.0,0.0,0.0
11,Hungarian Grand Prix,BOR,Gabriel Bortoleto,Audi,14.0,2.4116984211276282,0.8784031846273669,14.0,11.0,0.0,0.0
11,Hungarian Grand Prix,OCO,Esteban Ocon,Haas F1 Team,15.0,3.273019285816048,2.0635285925873603,15.0,16.0,0.0,0.0
11,Hungarian Grand Prix,ALO,Fernando Alonso,Aston Martin,16.0,3.3688655173753856,,16.0,14.0,0.0,0.0
11,Hungarian Grand Prix,BEA,Oliver Bearman,Haas F1 Team,17.0,3.919333739168751,2.0298937256221006,17.0,19.0,0.0,0.0
11,Hungarian Grand Prix,SAI,Carlos Sainz,Williams,18.0,4.4218788451824365,2.3196304587849945,18.0,18.0,0.0,0.0
11,Hungarian Grand Prix,ALB,Alexander Albon,Williams,19.0,4.469801960962094,1.6544420644333968,19.0,17.0,0.0,0.0
11,Hungarian Grand Prix,STR,Lance Stroll,Aston Martin,20.0,4.471097180307493,,20.0,13.0,0.0,0.0
11,Hungarian Grand Prix,BOT,Valtteri Bottas,Cadillac,21.0,4.76511197171241,3.74409177007915,21.0,22.0,0.0,1.0
11,Hungarian Grand Prix,PER,Sergio Perez,Cadillac,22.0,5.3298276063051375,2.808508133796421,22.0,21.0,0.0,1.0
12,Dutch Grand Prix,NOR,Lando Norris,McLaren,1.0,0.0,0.0,1.0,1.0,25.0,0.0
12,Dutch Grand Prix,RUS,George Russell,Mercedes,2.0,0.14333291176595875,0.42676591659323027,2.0,3.0,15.0,0.0
12,Dutch Grand Prix,ANT,Kimi Antonelli,Mercedes,3.0,0.18689487514580438,0.4063811039362486,3.0,2.0,18.0,0.0
12,Dutch Grand Prix,PIA,Oscar Piastri,McLaren,4.0,0.19954189677220402,,4.0,6.0,8.0,0.0
12,Dutch Grand Prix,HAM,Lewis Hamilton,Ferrari,5.0,0.4651293509267518,-0.3261570025119398,5.0,4.0,12.0,0.0
12,Dutch Grand Prix,LEC,Charles Leclerc,Ferrari,6.0,0.5550637269367664,-0.07233320620225747,6.0,5.0,10.0,0.0
12,Dutch Grand Prix,VER,Max Verstappen,Red Bull Racing,7.0,0.6393772044461343,1.4256217367860202,7.0,22.0,0.0,1.0
12,Dutch Grand Prix,LAW,Liam Lawson,Red Bull Racing,8.0,0.8009780363391172,,8.0,7.0,6.0,0.0
12,Dutch Grand Prix,BOR,Gabriel Bortoleto,Audi,9.0,1.2871857566431943,1.4282520351933892,9.0,13.0,0.0,0.0
12,Dutch Grand Prix,LIN,Arvid Lindblad,Racing Bulls,10.0,1.4361395669097776,2.8854373528676596,10.0,12.0,0.0,0.0
12,Dutch Grand Prix,GAS,Pierre Gasly,Alpine,11.0,2.0417913803521426,,11.0,10.0,1.0,0.0
12,Dutch Grand Prix,TSU,Yuki Tsunoda,Racing Bulls,12.0,2.0572488512288656,3.255651853702801,12.0,11.0,0.0,0.0
12,Dutch Grand Prix,HUL,Nico Hulkenberg,Audi,13.0,2.2961370375054413,,13.0,8.0,4.0,0.0
12,Dutch Grand Prix,COL,Franco Colapinto,Alpine,14.0,2.3003527113809152,,14.0,14.0,0.0,0.0
12,Dutch Grand Prix,OCO,Esteban Ocon,Haas F1 Team,15.0,2.7739134100585927,2.0910872338466557,15.0,19.0,0.0,1.0
12,Dutch Grand Prix,ALB,Alexander Albon,Williams,16.0,2.8371485181906353,2.4422320712284895,16.0,17.0,0.0,1.0
12,Dutch Grand Prix,SAI,Carlos Sainz,Williams,17.0,3.3879965712519278,,17.0,16.0,0.0,0.0
12,Dutch Grand Prix,ALO,Fernando Alonso,Aston Martin,18.0,3.494793642763816,,18.0,9.0,2.0,0.0
12,Dutch Grand Prix,STR,Lance Stroll,Aston Martin,19.0,3.7308713797900683,,19.0,20.0,0.0,1.0
12,Dutch Grand Prix,BEA,Oliver Bearman,Haas F1 Team,20.0,3.742113176791295,2.4067230427291975,20.0,21.0,0.0,1.0
12,Dutch Grand Prix,BOT,Valtteri Bottas,Cadillac,21.0,4.507960597501515,,21.0,18.0,0.0,1.0
12,Dutch Grand Prix,PER,Sergio Perez,Cadillac,22.0,4.829757036662308,,22.0,15.0,0.0,0.0
13,Italian Grand Prix,GAS,Pierre Gasly,Alpine,1.0,0.0,0.6354751956519538,1.0,7.0,6.0,0.0
13,Italian Grand Prix,RUS,George Russell,Mercedes,2.0,0.07336218912772363,0.1094569342642765,2.0,2.0,18.0,0.0
13,Italian Grand Prix,PIA,Oscar Piastri,McLaren,3.0,0.2200865673831709,0.5510901022595743,6.0,5.0,10.0,0.0
13,Italian Grand Prix,LEC,Charles Leclerc,Ferrari,4.0,0.2665492871640751,0.07744935795050006,3.0,22.0,0.0,1.0
13,Italian Grand Prix,HAM,Lewis Hamilton,Ferrari,5.0,0.27510820922895807,0.8206510463643388,4.0,6.0,8.0,0.0
13,Italian Grand Prix,VER,Max Verstappen,Red Bull Racing,6.0,0.34724769520455556,0.5310659044081234,5.0,3.0,15.0,0.0
13,Italian Grand Prix,ANT,Kimi Antonelli,Mercedes,7.0,0.11737950260435337,-0.08548836133046266,19.0,1.0,25.0,0.0
13,Italian Grand Prix,COL,Franco Colapinto,Alpine,8.0,0.5306531680238535,0.24438883127316116,7.0,9.0,2.0,0.0
13,Italian Grand Prix,NOR,Lando Norris,McLaren,9.0,0.34357958574815495,0.3662176772656879,8.0,4.0,12.0,0.0
13,Italian Grand Prix,LIN,Arvid Lindblad,Racing Bulls,10.0,0.6113515760643562,0.9144760471734864,9.0,8.0,4.0,0.0
13,Italian Grand Prix,BOR,Gabriel Bortoleto,Audi,11.0,0.8937960042060933,-0.7196453921256342,10.0,11.0,0.0,0.0
13,Italian Grand Prix,BEA,Oliver Bearman,Haas F1 Team,12.0,1.1860220575648617,,11.0,15.0,0.0,0.0
13,Italian Grand Prix,HUL,Nico Hulkenberg,Audi,13.0,1.2141442300638294,1.6473854801766552,12.0,12.0,0.0,0.0
13,Italian Grand Prix,LAW,Liam Lawson,Red Bull Racing,14.0,1.2654977624532382,0.34450711897935227,22.0,14.0,0.0,0.0
13,Italian Grand Prix,SAI,Carlos Sainz,Williams,15.0,2.0382461545985775,0.773735572536711,13.0,13.0,0.0,0.0
13,Italian Grand Prix,OCO,Esteban Ocon,Haas F1 Team,16.0,2.0394688577507036,1.6771916839671661,14.0,16.0,0.0,0.0
13,Italian Grand Prix,TSU,Yuki Tsunoda,Racing Bulls,17.0,2.407502506541448,1.4568037377753251,15.0,10.0,1.0,0.0
13,Italian Grand Prix,ALB,Alexander Albon,Williams,18.0,3.1423471009708104,1.4838954016131078,20.0,17.0,0.0,0.0
13,Italian Grand Prix,BOT,Valtteri Bottas,Cadillac,19.0,3.152128726187864,2.7710055378922256,16.0,19.0,0.0,0.0
13,Italian Grand Prix,PER,Sergio Perez,Cadillac,20.0,3.4345731543295788,2.936243071476241,17.0,18.0,0.0,0.0
13,Italian Grand Prix,ALO,Fernando Alonso,Aston Martin,21.0,4.11317340376105,,21.0,21.0,0.0,1.0
13,Italian Grand Prix,STR,Lance Stroll,Aston Martin,22.0,4.201208030714287,4.716909950956194,18.0,20.0,0.0,1.0
14,Spanish Grand Prix,NOR,Lando Norris,McLaren,1.0,0.0,,1.0,3.0,15.0,0.0
14,Spanish Grand Prix,ANT,Kimi Antonelli,Mercedes,2.0,0.011979438926634778,0.3149574807401079,2.0,1.0,25.0,0.0
14,Spanish Grand Prix,VER,Max Verstappen,Red Bull Racing,3.0,0.15246558633907892,0.0,3.0,2.0,18.0,0.0
14,Spanish Grand Prix,HAM,Lewis Hamilton,Ferrari,4.0,0.2058285415577732,0.3039589655396524,4.0,22.0,0.0,1.0
14,Spanish Grand Prix,LEC,Charles Leclerc,Ferrari,5.0,0.21236278097229722,,5.0,4.0,12.0,0.0
14,Spanish Grand Prix,RUS,George Russell,Mercedes,6.0,0.3539379682871546,-0.38544796452478775,6.0,5.0,10.0,0.0
14,Spanish Grand Prix,PIA,Oscar Piastri,McLaren,7.0,0.5118487541383443,1.2173356596859364,7.0,8.0,4.0,0.0
14,Spanish Grand Prix,LAW,Liam Lawson,Red Bull Racing,8.0,0.5358076319916361,,8.0,6.0,8.0,0.0
14,Spanish Grand Prix,COL,Franco Colapinto,Alpine,9.0,1.1750740547133764,,9.0,7.0,6.0,0.0
14,Spanish Grand Prix,LIN,Arvid Lindblad,Racing Bulls,10.0,1.3253615612476066,,10.0,9.0,2.0,0.0
14,Spanish Grand Prix,HUL,Nico Hulkenberg,Audi,11.0,1.5235668234884203,-1.0,11.0,10.0,1.0,0.0
14,Spanish Grand Prix,BOR,Gabriel Bortoleto,Audi,12.0,1.703258407388053,1.67827343308653,12.0,13.0,0.0,0.0
14,Spanish Grand Prix,OCO,Esteban Ocon,Haas F1 Team,13.0,2.0071005401637976,0.6764086848275453,13.0,11.0,0.0,0.0
14,Spanish Grand Prix,GAS,Pierre Gasly,Alpine,14.0,2.1007579717720937,1.2263344448499414,14.0,12.0,0.0,0.0
14,Spanish Grand Prix,TSU,Yuki Tsunoda,Racing Bulls,15.0,2.4612301794737723,,15.0,14.0,0.0,0.0
14,Spanish Grand Prix,ALB,Alexander Albon,Williams,16.0,3.793125980135925,2.2346983157274014,16.0,15.0,0.0,0.0
14,Spanish Grand Prix,SAI,Carlos Sainz,Williams,17.0,3.7985711796480137,2.5786518819959303,20.0,19.0,0.0,1.0
14,Spanish Grand Prix,ALO,Fernando Alonso,Aston Martin,18.0,3.8813382122321105,,17.0,17.0,0.0,0.0
14,Spanish Grand Prix,PER,Sergio Perez,Cadillac,19.0,4.453084161003651,,18.0,20.0,0.0,1.0
14,Spanish Grand Prix,BOT,Valtteri Bottas,Cadillac,20.0,6.737889876285075,,19.0,18.0,0.0,0.0
14,Spanish Grand Prix,STR,Lance Stroll,Aston Martin,,,4.389407429996961,21.0,21.0,0.0,1.0
14,Spanish Grand Prix,BEA,Oliver Bearman,Haas F1 Team,,,1.5912851765011782,22.0,16.0,0.0,0.0
15,Azerbaijan Grand Prix,RUS,George Russell,Mercedes,1.0,0.0,-0.4818173816633039,1.0,1.0,25.0,0.0
15,Azerbaijan Grand Prix,LEC,Charles Leclerc,Ferrari,2.0,0.816378284532715,0.38274952502166393,2.0,4.0,12.0,0.0
15,Azerbaijan Grand Prix,PIA,Oscar Piastri,McLaren,3.0,0.8173536468798259,0.0,3.0,13.0,0.0,0.0
15,Azerbaijan Grand Prix,HAD,Isack Hadjar,Red Bull Racing,4.0,0.9500029260870457,0.8402043790234792,4.0,3.0,15.0,0.0
15,Azerbaijan Grand Prix,NOR,Lando Norris,McLaren,5.0,1.1177652497903035,0.2411783151642588,5.0,19.0,0.0,1.0
15,Azerbaijan Grand Prix,HAM,Lewis Hamilton,Ferrari,6.0,1.2991826463531364,0.6575913526275956,6.0,6.0,8.0,0.0
15,Azerbaijan Grand Prix,GAS,Pierre Gasly,Alpine,7.0,1.48352612995728,1.037574013612974,7.0,18.0,0.0,1.0
15,Azerbaijan Grand Prix,VER,Max Verstappen,Red Bull Racing,8.0,1.1509275695921195,-0.8799326471307101,8.0,2.0,18.0,0.0
15,Azerbaijan Grand Prix,SAI,Carlos Sainz,Williams,9.0,1.989739188108386,1.2178813199785976,14.0,10.0,1.0,0.0
15,Azerbaijan Grand Prix,COL,Franco Colapinto,Alpine,10.0,2.103856582720498,0.7221491816362108,9.0,17.0,0.0,1.0
15,Azerbaijan Grand Prix,BEA,Oliver Bearman,Haas F1 Team,11.0,2.1935899186547925,,10.0,9.0,2.0,0.0
15,Azerbaijan Grand Prix,LAW,Liam Lawson,Racing Bulls,12.0,2.2764957181593104,1.6444395255750477,11.0,12.0,0.0,0.0
15,Azerbaijan Grand Prix,ALB,Alexander Albon,Williams,13.0,2.414021809102085,1.4350801468282492,12.0,20.0,0.0,1.0
15,Azerbaijan Grand Prix,OCO,Esteban Ocon,Haas F1 Team,14.0,2.428652244308771,,13.0,8.0,4.0,0.0
15,Azerbaijan Grand Prix,LIN,Arvid Lindblad,Racing Bulls,15.0,2.5164348555488436,,15.0,7.0,6.0,0.0
15,Azerbaijan Grand Prix,ANT,Kimi Antonelli,Mercedes,16.0,2.9046290696993937,-0.005072584066545538,16.0,5.0,10.0,0.0
15,Azerbaijan Grand Prix,BOR,Gabriel Bortoleto,Audi,17.0,3.192360962097429,1.4802722594211781,17.0,15.0,0.0,0.0
15,Azerbaijan Grand Prix,HUL,Nico Hulkenberg,Audi,18.0,3.310379806097963,0.0,18.0,11.0,0.0,0.0
15,Azerbaijan Grand Prix,ALO,Fernando Alonso,Aston Martin,19.0,3.9667986657043075,,21.0,21.0,0.0,1.0
15,Azerbaijan Grand Prix,PER,Sergio Perez,Cadillac,20.0,4.030197218266585,2.018888458487811,20.0,14.0,0.0,0.0
15,Azerbaijan Grand Prix,STR,Lance Stroll,Aston Martin,21.0,4.692468251955617,4.854924095696611,22.0,22.0,0.0,1.0
15,Azerbaijan Grand Prix,BOT,Valtteri Bottas,Cadillac,22.0,5.621988568753311,2.801200963995124,19.0,16.0,0.0,1.0
16,Bahrain Grand Prix,VER,Max Verstappen,Red Bull Racing,1.0,0.0,0.42679315706724175,1.0,,,
16,Bahrain Grand Prix,HAM,Lewis Hamilton,Ferrari,2.0,0.3132555450436225,0.5957732017990723,2.0,,,
16,Bahrain Grand Prix,HAD,Isack Hadjar,Red Bull Racing,3.0,0.44991064858614926,1.001833854524613,3.0,,,
16,Bahrain Grand Prix,ANT,Kimi Antonelli,Mercedes,4.0,0.5266477451908003,0.47646325379425514,4.0,,,
16,Bahrain Grand Prix,LEC,Charles Leclerc,Ferrari,5.0,0.56343950383686,-0.5908858417413602,5.0,,,
16,Bahrain Grand Prix,NOR,Lando Norris,McLaren,6.0,0.6590980763166332,0.044813754823747054,6.0,,,
16,Bahrain Grand Prix,PIA,Oscar Piastri,McLaren,7.0,0.6643540418374894,0.20063920518842915,7.0,,,
16,Bahrain Grand Prix,RUS,George Russell,Mercedes,8.0,0.7789340901923625,0.7844864016786767,8.0,,,
16,Bahrain Grand Prix,GAS,Pierre Gasly,Alpine,9.0,1.345527173341754,1.4472837938050722,9.0,,,
16,Bahrain Grand Prix,BOR,Gabriel Bortoleto,Audi,10.0,1.7702091874277182,1.997503376575344,10.0,,,
16,Bahrain Grand Prix,LAW,Liam Lawson,Racing Bulls,11.0,1.9899085461999366,1.786924523439071,11.0,,,
16,Bahrain Grand Prix,ALO,Fernando Alonso,Aston Martin,12.0,2.1969935877220736,1.2189650728801738,12.0,,,
16,Bahrain Grand Prix,SAI,Carlos Sainz,Williams,13.0,2.519709870703246,1.178745636459339,13.0,,,
16,Bahrain Grand Prix,STR,Lance Stroll,Aston Martin,14.0,2.560706401766022,2.146791267742776,14.0,,,
16,Bahrain Grand Prix,COL,Franco Colapinto,Alpine,15.0,2.153894670450973,0.745764713912651,15.0,,,
16,Bahrain Grand Prix,LIN,Arvid Lindblad,Racing Bulls,16.0,2.893934615788929,1.878699323129699,16.0,,,
16,Bahrain Grand Prix,HUL,Nico Hulkenberg,Audi,17.0,2.985388415851986,0.7638841158260288,17.0,,,
16,Bahrain Grand Prix,BEA,Oliver Bearman,Haas F1 Team,18.0,2.995900346893743,0.6182248514097504,18.0,,,
16,Bahrain Grand Prix,OCO,Esteban Ocon,Haas F1 Team,19.0,3.261852202249571,2.1583273829211196,19.0,,,
16,Bahrain Grand Prix,ALB,Alexander Albon,Williams,20.0,3.6476400714811286,1.4665198987786023,20.0,,,
16,Bahrain Grand Prix,BOT,Valtteri Bottas,Cadillac,21.0,3.6592031956270477,2.8822575777730624,21.0,,,
16,Bahrain Grand Prix,PER,Sergio Perez,Cadillac,22.0,3.997687375170833,3.8201158415596534,22.0,,,
